{
  "model_name": "Linear Regression",
  "rmse": 5.2045,
  "mae": 4.1576,
  "r2": 0.7422,
  "feature_cols": [
    "attendance",
    "previous_gpa",
    "study_hours",
    "assignment_completion",
    "participation_score",
    "sleep_hours",
    "practice_test_score",
    "practice_problems"
  ],
  "feature_importances": {
    "attendance": 0.08577530738675905,
    "previous_gpa": 0.16268706924568457,
    "study_hours": 0.2089360255969533,
    "assignment_completion": 0.08985236343181917,
    "participation_score": 0.06826878355917872,
    "sleep_hours": 0.026810197044674175,
    "practice_test_score": 0.2944965872787417,
    "practice_problems": 0.06317366645618931
  },
  "all_results": [
    {
      "name": "Linear Regression",
      "rmse": 5.2045,
      "mae": 4.1576,
      "r2": 0.7422
    },
    {
      "name": "Random Forest",
      "rmse": 5.8768,
      "mae": 4.5686,
      "r2": 0.6713
    },
    {
      "name": "Gradient Boosting",
      "rmse": 5.6775,
      "mae": 4.4519,
      "r2": 0.6933
    }
  ]
}